Samsung Galaxy S7 Edge - Bạc,dien-thoai
Samsung Galaxy A7 SM-A710 - Vàng,dien-thoai
Samsung Galaxy S7 - Bạc,dien-thoai
Samsung Galaxy Note 5 - Vàng,dien-thoai
Điện thoại Samsung Galaxy J7 - Trắng,dien-thoai
Samsung Galaxy A5 SM-A510 - Vàng,dien-thoai
Điện thoại Samsung Galaxy A5 2017,dien-thoai
Điện thoại Samsung Galaxy J7  - Vàng kim,dien-thoai
Điện thoại Samsung Galaxy J7  - Đen,dien-thoai
Điện thoại Samsung Galaxy J5 - Trắng,dien-thoai
Điện thoại Samsung Galaxy J5 - Vàng kim,dien-thoai
Điện thoại Samsung Galaxy J5 - Đen,dien-thoai
Samsung Galaxy J1 Mini SSJ105B,dien-thoai
Samsung Galaxy J1 Mini SSJ105W,dien-thoai
Samsung Galaxy J105,dien-thoai
Samsung Galaxy J12H SSJ120W,dien-thoai
Samsung Galaxy J2- Trắng,dien-thoai
Điện thoại di động Samsung J200GU Đen - GalaxyJ2,dien-thoai
Samsung Galaxy Note 5 - Đen,dien-thoai
Điện thoại Samsung Galaxy S7 G935 - Màu hồng,dien-thoai
Điện thoại Samsung Galaxy A3 SSA310B - Màu Đen,dien-thoai
Samsung Galaxy S7 - Vàng,dien-thoai
Samsung Galaxy S7 Edge - Vàng,dien-thoai
Samsung Galaxy S7 - Đen,dien-thoai
Samsung Galaxy S7 Edge - Đen,dien-thoai
Samsung Galaxy J7 J700 - Đen,dien-thoai
Samsung Galaxy J7 J700 - Vàng,dien-thoai
Samsung Galaxy J7 J700 - Trắng,dien-thoai
Samsung Galaxy A5 SM-A510 - Hồng,dien-thoai
Samsung Galaxy Grand Prime VE SM-G531 - Trắng,dien-thoai
Samsung E1272 Đen,dien-thoai
Samsung I8552 Xám\s Galaxy Win,dien-thoai
Samsung Galaxy A7 SM-A710 - Hồng,dien-thoai
Điện Thoại Di Động Samsung Galaxy A7 2017,dien-thoai
Điện thoại Samsung Galaxy A5 2017,dien-thoai
Điện Thoại Di Động Samsung Galaxy S7 Edge - Black Pearl,dien-thoai
Điện Thoại Di Động Samsung Galaxy A7 2017,dien-thoai
Samsung Galaxy A7 SM-A710 - Đen,dien-thoai
Samsung Galaxy J3 SSJ320,dien-thoai
Samsung Galaxy J3 SSJ320,dien-thoai
Samsung Galaxy J3 SSJ320,dien-thoai
Điện Thoại Di Động Samsung Galaxy S7 Edge - Blue,dien-thoai
Điện thoại Samsung G610 Galaxy J7 Prime - Màu Hồng,dien-thoai
Điện Thoại Di Động Samsung Galaxy J5 Prime - Màu Hồng,dien-thoai
Điện thoại di động Samsung Galaxy J2 Prime - Màu Vàng Hồng,dien-thoai
Điện thoại di động Samsung Galaxy J2 Prime - Màu Vàng,dien-thoai
Điện thoại di động Samsung Galaxy J5 Prime - Màu Trắng Vàng,dien-thoai
Điện thoại di động Samsung Galaxy J5 Prime - Màu Đen,dien-thoai
Điện thoại Samsung Galaxy J7 Prime - Màu vàng,dien-thoai
Điện thoại Samsung Galaxy J7 Prime - Màu Đen,dien-thoai
Điện thoại Samsung Galaxy A9 Pro A910 - Màu Vàng,dien-thoai
Điều Hòa 1 Chiều Inverter Panasonic 12000BTU CSU12TKH8,dieu-hoa
Điều hòa 1 chiều inverter Panasonic CSU9TKH8,dieu-hoa
Điều hòa 1 chiều Inverter Panasonic CSVU18SKH8,dieu-hoa
Điều hòa âm trần 1 chiều Panasonic CSPC18DB4H,dieu-hoa
Điều hòa Panasonic hai chiều Inverter CS-E24RKH8 - 24.000BTU,dieu-hoa
Điều hòa tủ đứng 2 chiều Inverter Panasonic CSE28NFQ,dieu-hoa
Điều hòa tủ đứng 1 chiều Panasonic C28FFH,dieu-hoa
Điều hòa 2 chiều inverter Panasonic  CSYZ18SKH8,dieu-hoa
Điều hòa 1 chiều inverter Panasonic CSU24SKH8,dieu-hoa
Điều hòa 1 chiều inverter Panasonic CSU18SKH8,dieu-hoa
Điều hòa 2 chiều Inverter Panasonic  CSYZ12SKH8,dieu-hoa
Điều hòa 1 chiều Inverter Panasonic CSU12SKH8,dieu-hoa
Điều hòa 2 chiều inverter Panasonic CSYZ9SKH8,dieu-hoa
Điều hòa 1 chiều Inverter Panasonic CSU9SKH8,dieu-hoa
Điều hòa inverter Panasonic  CSVU12SKH8,dieu-hoa
Điều hòa Panasonic inverter CSVU9SKH8,dieu-hoa
Điều hòa Panasonic CSKC24QKH8 1 chiều,dieu-hoa
Điều hòa Panasonic CSKC12QKH8 1 chiều,dieu-hoa
Điều hòa Panasonic CS-KC9QKH8 1 chiều,dieu-hoa
Điều hòa Panasonic CS-KC18QKH8 1 chiều,dieu-hoa
Điều hòa 2 chiều Panasonic CSE18RKH8,dieu-hoa
Điều hòa 1 chiều Panasonic CSS24RKH8,dieu-hoa
Điều hòa Panasonic 1 chiều inverter CSS18RKH8,dieu-hoa
Điều hòa panasonic 2 chiều Inverter CSE9RKH8,dieu-hoa
Điều hòa panasonic 1 chiều CS-S12RKH-8,dieu-hoa
Điều hòa Panasonic CS-E12RKH-8,dieu-hoa
Điều hòa 1 chiều Panasonic Inverter CSS9RKH8,dieu-hoa
Tivi Led Samsung UA49K5500,tivi
Tivi Led Samsung UA43K5500,tivi
Tivi Led Samsung UA40K5500,tivi
TIVI LED Samsung UA50KU6000,tivi
TIVI LED Samsung UA43KU6500,tivi
Tivi Led Samsung UA55KU6400,tivi
TIVI LED Samsung UA43KU6000,tivi
TIVI LED Samsung UA40KU6000,tivi
Tivi Led Samsung UA55K5500,tivi
Tivi Led Samsung UA49KU6500,tivi
Tivi Led Samsung UA55KS7500,tivi
Tivi Led Samsung UA55KS9000,tivi
Tivi Led Samsung UA65KS7500,tivi
Tivi Led Samsung UA40KU6400,tivi
Tivi Led Samsung UA43KU6400,tivi
Tivi Led màn hình cong Samsung UA49K6300,tivi
Tivi LED Samsung UA49KU6400,tivi
TTIVI LED Samsung UA55K6300 55 inch,tivi
Tivi Led Samsung UA55KU6500,tivi
Tivi Led Samsung UA60KS7000,tivi
Tivi Led Samsung UA32K5500,tivi
Tivi Led Samsung UA40K6300,tivi
Tivi Led 3D Samsung UA65KS9000,tivi
Tivi Led Samsung UA55KU6000,tivi
Tivi Led Samsung UA88KS9800,tivi
Tivi Led Samsung UA32K5300 32 Inch,tivi
TIVI LED Samsung UA43K5300 43 inch,tivi
TIVI LED Samsung UA78KS9000 78 Inch,tivi
Tivi Led Samsung UA78KU6500\s Curved\s 4K-Ultra HD\s Tizen\s 78 inch,tivi
Tivi Led Samsung UA55K5300 55 inch,tivi
Tivi Led Samsung UA65KU6400 65 inch,tivi
TIVI LED Samsung UA40KU6100 40inch,tivi
TIVI LED Samsung UA65KU6100 65inch,tivi
TIVI LED Samsung UA43K5100 43 inch,tivi
TIVI LED Samsung UA65KU6500 65 inch,tivi
TIVI LED Samsung UA49K5300 49 inch,tivi
TIVI LED Samsung UA49K5100 49 inch,tivi
TIVI LED Samsung UA40K5100,tivi
TIVI LED Samsung UA32K4100,tivi
TIVI LED Samsung UA40K5300,tivi
TIVI LED Samsung UA70KU6000,tivi
TIVI LED Samsung UA65KU6000,tivi
TIVI LED Samsung UA49KU6100,tivi
Tivi Led Samsung UA55KU6100,tivi
TIVI LED Samsung UA60KU6000,tivi
Tivi LED Samsung UA49KS7500,tivi
Tivi LED Samsung UA49KS7000,tivi
TIVI LED Samsung UA24J4100-24,tivi
TIVI LED Samsung UA40J5200-40inch,tivi
TIVI LED Samsung UA55JS7200-55inch,tivi
Tivi LED Samsung UA28J4100 28inch,tivi
Tivi LED Samsung UA32J4003 32 inch,tivi
Smart Tivi Curved Samsung UA55J6300 55 inch,tivi
Smart Tivi LED Samsung UA40JU6400 40 inch,tivi
Smart Tivi LED Samsung UA65JU7000 65 inch,tivi
Smart Tivi LED Samsung UA65JS9500 65 inch,tivi
Smart Tivi LED Samsung UA55JU7000 55 inch,tivi
Smart Tivi LED Samsung UA55JS9000 55 inch,tivi
Smart Tivi LED Samsung UA65JS9000 65 inch,tivi
TIVI LED Samsung UA26EH4000-26\s HD,tivi
Điều Hòa Samsung AR24KPSNSW -  24.000 BTU 2 Chiều,dieu-hoa
Điều hòa 2 chiều INVERTER Samsung AR12KSSNJW,dieu-hoa
Điều hòa 2 chiều Samsung AR18KPSNSW,dieu-hoa
Điều hòa 2 chiều Samsung AR12KPSNSW,dieu-hoa
Điều hòa 2 chiều inverter Samsung AR09KSFNJW,dieu-hoa
Điều hòa 1 chiều Samsung AR24KCFSSU,dieu-hoa
Điều hòa 1 chiều Inverter Samsung AR12KVFSCU,dieu-hoa
Điều hòa Inverter Samsung AR10KVFSBW,dieu-hoa
Điều hòa Samsung AR13KVSDNW,dieu-hoa
Điều hòa Samsung AR10KVSDNW,dieu-hoa
Điều hòa  Inverter Samsung AR18KVFSBW,dieu-hoa
Điều hòa Samsung AR18KCFSSU,dieu-hoa
Điều hòa Inverter Samsung AR13KVFSBW,dieu-hoa
Điều hòa Samsung AR12KCFSSU,dieu-hoa
Điều hòa  Inverter Samsung AR10KVFSCU,dieu-hoa
Điều hòa 2 chiều Samsung AR09KPSNSW,dieu-hoa
Điều hòa 1 chiều Samsung AR09KCFSSU,dieu-hoa
Tivi Led LG 49UH610T,tivi
Tivi Led LG 43LH590T,tivi
Tivi LED 3D LG 49UH850T,tivi
Tivi LED LG 43UH650T,tivi
Tivi LG  43LH511T 43 inch,tivi
Tivi LED LG 49LH511T,tivi
TIVI OLED 3D LG 55EG910T-55inch,tivi
Tivi LED LG 65UG870T 65 inch,tivi
TIVI LED 3D LG 105UC9T 105 inch,tivi
Tivi 3D LED ART SLIM LG 55UF950T 55 inch,tivi
Tivi LED LG 49LH600T,tivi
Tivi LED LG 60UH650T,tivi
Tivi Super UHD 4K LG 55UH850T,tivi
Tivi LED LG 55UH650T,tivi
Tivi Led LG 43UH610T,tivi
TIVI LED LG 49UH617T 49 inch,tivi
Tivi Led LG 43UH617T,tivi
Tivi Led LG 49LH590T,tivi
Tivi Led LG 55UH770T,tivi
Tivi Led LG 55LH575T,tivi
Tivi Led LG 32LH570D,tivi
Tivi Led LG 55UH617T,tivi
Tivi Led LG 70UH635T,tivi
TIVI LG LED 65UH950T,tivi
TIVI LED LG 43LH570T,tivi
Tivi LED 3D LG 65UH850T,tivi
Tivi LED LG 49UH650T,tivi
Tivi OLED 3D LG OLED65B6T 65inch,tivi
TIVI OLED 3D LG OLED55B6T,tivi
TIVI LED LG 24LH452D-24,tivi
TIVI LG OLED65E6T,tivi
Tivi Led LG 60UH617T,tivi
Tivi Oled LG 3D OLED55C6T,tivi
Tivi Led LG 3D Art Slim 86UH955T,tivi
TIVI LED LG 75UH656T,tivi
TIVI LED LG 43LH605T,tivi
Tivi Led LG 65UH617T,tivi
Tivi Led LG 65UH770T,tivi
TIVI LED LG 49LH570T - 49 inch,tivi
Tivi Led LG 32LH591D,tivi
Tivi Led LG 32LH512D,tivi
TIVI LED Panasonic TH49LX1V 49 Inch,tivi
Tivi Led Panasonic TH49LS1V,tivi
TIVI LED 3D Panasonic TH65DX900V 65 inch,tivi
TIVI LED Panasonic TH55DX650V 55 inch,tivi
TIVI LED 3D Panasonic TH65DX700V 65 inch,tivi
TIVI LED Panasonic TH49DX650V 49 inch,tivi
TIVI LED Panasonic TH40DX650V 40 inch,tivi
TIVI LED 3D Panasonic TH58DX700V,tivi
Tivi Led Panasonic TH40D400V,tivi
Tivi Led Panasonic TH40DS500V,tivi
Tivi LED Panasonic TH32D300V,tivi
Tivi LED Panasonic TH32DS500V,tivi
Tivi LED Panasonic TH55DS630V,tivi
Tivi LED Panasonic TH32D410V,tivi
Tivi LED Panasonic TH43D410V,tivi
Tivi LED Panasonic TH43DS630V,tivi
Tivi LED Panasonic TH49DS630V,tivi
Tivi LED Panasonic TH43DS600V,tivi
Tivi LED Panasonic TH49D410V,tivi
Tivi Led Skyworth 49S310 49 Inch,tivi
Tivi Led Skyworth 32E350 32 Inch,tivi
Tivi LED Skyworth 43K920S 43 Inch,tivi
Tivi Led SkyWorth 32W710 32 inch,tivi
Tivi LED SkyWorth 43S310 43 inch,tivi
Tivi Led Skyworth 40E510 40 Inch,tivi
Tivi Led Skyworth 55K920S 55inch,tivi
Tivi Led Skyworth 32E390 32 inch,tivi
Tivi LED SkyWorth 40E310 40 inch,tivi
Tivi Led SkyWorth 50K820S 50 inch,tivi
Loa Microlab M108 2.1,may-tinh
Loa Microlab X2 2.1,may-tinh
Loa Microlab M590 2.1,may-tinh
Microlab M590 4.1,may-tinh
Fenda F203G Plus - 2.1,may-tinh
Loa vi tính Genius SP-U115,may-tinh
Loa Microlab FC361 2.1,may-tinh
Loa Microlab M900 (TMN3 4.1),may-tinh
Loa Microlab Solo 5C- 2.0,may-tinh
Loa Microlab FC360 2.1,may-tinh
Loa Fenda V620 V620,may-tinh
Loa Fenda A110 - 2.1,may-tinh
Loa Genius S110 2.0,may-tinh
Loa Fenda FA320 - 2.1,may-tinh
Loa Logitech Z623 2.1,may-tinh
Loa Microlab Solo 6C 2.0,may-tinh
Loa vi tính Edifier M1250 USB,may-tinh
Loa Fenda F6000U - 5.1 ( có điều khiển/ đọc USB \s thẻ nhớ ),may-tinh
Loa Logitech Z150,may-tinh
Loa Logitech Z200 - 2.0,may-tinh
Loa Microlab Solo 7C 2.0,may-tinh
Loa Genius SW SP-i170,may-tinh
Loa Microlab M223U,may-tinh
Loa Fenda V520 2.0,may-tinh
Loa Logitech Subwoofer Z906 5.1,may-tinh
Loa Microlab FC530U 2.1,may-tinh
Loa Microlab Solo 3C- 2.0,may-tinh
Loa Genius SPHF160,may-tinh
Loa  iSound SP225 2.1,may-tinh
Loa Microlab M100 2.1,may-tinh
Loa Logitech X100,may-tinh
Loa iSound kết nối Bluetooth SP20W - Trắng,may-tinh
Loa iSound Bluetooth SP230B,may-tinh
Loa Bluetooth iSound SP265B 2.1,may-tinh
Loa iSound Bluetooth SP235B,may-tinh
Loa vi tính Fenda A52021U,may-tinh
Loa Bluetooth iSound SP15K,may-tinh
Loa Bluetooth iSound SP60K,may-tinh
Loa Bluetooth iSound SP560B 5.1,may-tinh
Loa Bluetooth iSound SP270B 2.1,may-tinh
Loa Bluetooth iSound SP260B 2.1,may-tinh
Loa Bluetooth iSound SP240B 2.1,may-tinh
Loa  iSound SP220 2.1,may-tinh
Loa iSound SP210 2.1,may-tinh
Loa Bluetooth iSound SP20B,may-tinh
Loa Bluetooth iSound SP30B,may-tinh
Loa Bluetooth iSound SP16B,may-tinh
Loa Dell AX210,may-tinh
Loa Microlab M108U 2.1,may-tinh
Loa Logitech Z120 - 2.0 (Đen/Trắng),may-tinh
Loa Microlab FC362 2.1,may-tinh
Loa Microlab FC330 2.1,may-tinh
Loa Microlab M820 2.1,may-tinh
Loa Vi tính Fenda - A52121,may-tinh
Loa Edifier M3200 2.1,may-tinh
Loa Microlab M223 2.1,may-tinh
Loa Microlab FC861 5.1,may-tinh
Loa Microlab FC730,may-tinh
Loa Microlab FC661,may-tinh
Loa Microlab FC530 2.1,may-tinh
Điều hòa 1 chiều Toshiba RASH10S3KSV,dieu-hoa
Điều hòa 1 chiều Toshiba RASH13S3KSV,dieu-hoa
Điều hòa 1 chiều LG V18ENCN,dieu-hoa
Điều hòa 1 chiều TCL TAC12CSBY,dieu-hoa
Điều hòa 1 chiều LG Inverter V13APMN,dieu-hoa
Điều hòa Mitsubishi 2 chiều Inverter MSZHL50VA,dieu-hoa
Điều hòa Panasonic CSKC24QKH8 1 chiều,dieu-hoa
Điều hòa Panasonic CSKC12QKH8 1 chiều,dieu-hoa
Điều hòa LG H24ENBN 2 chiều,dieu-hoa
Điều hòa Panasonic CS-KC9QKH8 1 chiều,dieu-hoa
Điều hòa Panasonic CS-KC18QKH8 1 chiều,dieu-hoa
Điều hòa LG B10ENCN 2 chiều,dieu-hoa
Điều hòa LG B13ENCN 2 chiều,dieu-hoa
Điều hòa Mitsubishi MSHL35VC 1 chiều,dieu-hoa
Điều hòa 2 chiều Panasonic CSE18RKH8,dieu-hoa
Điều hòa 1 chiều Panasonic CSS24RKH8,dieu-hoa
Điều hòa Mitsubishi MS-HL50VC 1chiều,dieu-hoa
Điều hòa Mitsubishi MSHL25VC 1 CHIỀU GAS R22,dieu-hoa
Điều hòa Mitsubishi MSZHL35VA 2 chiều,dieu-hoa
Điều hòa Mitsubishi MSZHL25VA - 8.530BTU,dieu-hoa
Điều hòa Panasonic 1 chiều inverter CSS18RKH8,dieu-hoa
Điều hòa panasonic 2 chiều Inverter CSE9RKH8,dieu-hoa
Điều hòa panasonic 1 chiều CS-S12RKH-8,dieu-hoa
Điều hòa Panasonic CS-E12RKH-8,dieu-hoa
Điều hòa 1 chiều Panasonic Inverter CSS9RKH8,dieu-hoa
Điều hòa DAIKIN FTNE35MV1V 1 chiều,dieu-hoa
Điều hòa 1 chiều Inverter Daikin FTKC50NVMV,dieu-hoa
Điều Hoà Daikin FTKC60NVMV,dieu-hoa
Điều hòa 1 Chiều Daikin FTNE60MV1V,dieu-hoa
Điều hòa DAIKIN FTNE25MV1V,dieu-hoa
Điều hòa Daikin FTNE50MV1V,dieu-hoa
Điều hòa Electrolux ESM09HRFD2 - 9.000BTU 2 chiều,dieu-hoa
Điều hòa Daikin FTXS60GVMV Inverter 2 chiều,dieu-hoa
Điều hòa Gree Lomo  GWC09QB - 9.000 BTU GAS 410,dieu-hoa
Điều hòa Daikin 1 chiều Inverter FTKS71GVMV,dieu-hoa
Điều hòa LG V10BPBN 1 chiều,dieu-hoa
Điều hòa DAIKIN FTXS71GVMV 24.200BTU 2 chiều Inverter R 410A,dieu-hoa
Điều hòa DAIKIN FTXS50GVMV- 17.100BTU 2chiều Inverter,dieu-hoa
Điều hòa Electrolux ESM12CRFD1,dieu-hoa
Điều hòa 2 chiều Electrolux ESM12HRFD1,dieu-hoa
Điều hòa 1 chiều Electrolux ESM09CRFD2,dieu-hoa
Điều hòa Gree GWH09NA - 9.000BTU - 2 chiều GAS 22,dieu-hoa
Điều hòa 2 chiều Inverter Daikin FTXS35GVMV,dieu-hoa
Điều hòa DAIKIN  2 chiều Inverter FTXS25GVMV,dieu-hoa
Điều hòa 1 chiều Inverter DAIKIN FTKS35GVMV,dieu-hoa
Điều hòa 2 chiều Gree GWH12NB,dieu-hoa
Điều hòa 1 chiều Inverter DAIKIN FTKS50GVMV,dieu-hoa
Điều hòa 1 chiều Inverter DAIKIN FTKS25GVMV,dieu-hoa
Điều hòa tủ đứng MIDEA MFS250HR,dieu-hoa
Điều hòa inverter Mitsubishi MSYGH18VA,dieu-hoa
Điều hòa Mitsubishi MSYGH13VA 1 chiều inverter,dieu-hoa
Điều hòa tủ đứng MIDEA MFS228CR,dieu-hoa
Điều hòa Mitsubishi MSYGH10VA 8\s871 BTU,dieu-hoa
Điều hòa 2 chiều LG Jetcool H18ENAN,dieu-hoa
Điều hòa 1 chiều LG S24ENAN,dieu-hoa
Điều hòa 1 chiều LG S12ENAN,dieu-hoa
Điều hòa 1 chiều LG S18ENAN,dieu-hoa
Điều hòa LG S09ENAN - 9.000BTU - 1 chiều - Dòng Fast cooling,dieu-hoa
Điều hòa Tủ đứng MIDEA MFS250CR,dieu-hoa
Điều hòa đứng LG HPH246SLA0,dieu-hoa
Tivi Led Sharp LC40LE280X,tivi
TIVI LED SHARP LC50UE630X,tivi
TIVI LED SHARP LC65UA630X,tivi
TIVI LED SHARP LC65UA330X,tivi
TIVI LED SHARP LC58UE630X 58 inch,tivi
TIVI LED SHARP LC58UA330X,tivi
TIVI LED SHARP LC55LE570X,tivi
TIVI LED SHARP LC50UA330X,tivi
TIVI LED SHARP LC50LE570X,tivi
TIVI LED SHARP LC50LE275X,tivi
Tivi Led TCL 55 Inch 55P2UF,tivi
Tivi Led TCL 49P2UF 49 Inch,tivi
Tivi Led TCL 32S6000,tivi
Tivi Led TCL 43 Inch 43P2UF,tivi
Tivi LED TCL L55S6000 55 Inch,tivi
Tivi Led TCL L55P1CF 55 inch,tivi
Tivi Led TCL 65P2UF,tivi
Tivi Led TCL 43S6000 43 Inch,tivi
Tivi LED TCL L43D2900 43 inch,tivi
Tivi LED TCL L32S4900 32inch,tivi
Tivi Led TCL 40S4900 40 Inch,tivi
TIVI LED TCL L55S4900 55 inch,tivi
Android Tivi Led TCL 65C1UC\s Curved\s 4k-Ultra HD\s 65 inch,tivi
TIVI LED 3D TCL 55C1UC,tivi
TIVI LED TCL L55E5900,tivi
TIVI LED TCL L40E5900,tivi
TIVI LED TCL L50E5900,tivi
Tivi LED TCL 55C1UF,tivi
Tivi Led TCL 55D2790,tivi
TIVI LED TCL L50C1UF,tivi
Tivi LED TCL 32P1,tivi
Tivi LED TCL 48P1,tivi
Tivi LED TCL 43P1,tivi
TIVI LED 3D TCL 55U8800-55inch,tivi
Laptop Dell Vostro V5468-VTI5019W-GOLD,may-tinh
Laptop Asus UX310UQ-FC133T,may-tinh
Laptop Dell Inspiron N5567-M5I5353W,may-tinh
Laptop Asus UX310UQ-FC134T,may-tinh
Laptop HP Pavilion 15-au068TX,may-tinh
Laptop HP Pavilion 15-au067TX,may-tinh
Laptop Asus K501UX-DM278D,may-tinh
Laptop Dell Vostro V3459-VPN3M1,may-tinh
Laptop HP Pavilion P15-AU062TX,may-tinh
Laptop Asus K401UB-FR028D Core i5-6200U,may-tinh
Laptop Game MSI GL726QF-807XVN,may-tinh
Máy Tính Xách Tay Lenovo Ideapad IDP100-80QQ0124VN,may-tinh
Laptop GAME MSI GL626QE-1223XVN,may-tinh
Laptop Dell Vostro V5459B P68G001-TI54502,may-tinh
Laptop HP Pavilion 15-au028TU X3C01PA,may-tinh
Laptop GAME MSI GL626QE-1222XVN,may-tinh
Laptop HP Pavilion 14-AL010TU X3B85PA - Màu Vàng,may-tinh
Laptop HP Pavilion 14-AL007TU X3B82PA,may-tinh
Laptop HP 15-AY052TX X3B65PA,may-tinh
Laptop Asus K501UB-DM039D,may-tinh
Notebook GAME MSI GP626QE-1221XVN,may-tinh
Laptop HP 15-ay079TU,may-tinh
HP Probook 440 G3 X4K47PA,may-tinh
Laptop Game MSI GL626QD-264XVN,may-tinh
Laptop Acer F5-573-39Q0,may-tinh
Laptop Fujitsu Lifebook E546VN-10064,may-tinh
Laptop Fujitsu Lifebook E546VN-10066,may-tinh
Laptop Fujitsu Lifebook E556VN-10021,may-tinh
Laptop Asus A456UA-WX034D - Màu vàng,may-tinh
Laptop Asus X555UJ-XX064D - Màu đen,may-tinh
Laptop Asus UX305UA-FC013T - Màu hồng vàng,may-tinh
Laptop Asus A556UR-DM096D - Màu xanh,may-tinh
Laptop Asus A456UR-WX044D - Màu vàng,may-tinh
Laptop Game MSI GE626QD-888XVN,may-tinh
Laptop Game MSI CX626QD-291XVN,may-tinh
Laptop Game MSI PE60 6QD-879XVN,may-tinh
Laptop Game MSI CX62 6QD-257XVN,may-tinh
Laptop Fujitsu Lifebook E736-6200,may-tinh
Asus GL552VX-DM070D,may-tinh
Asus GL552VW-CN058D,may-tinh
Asus GL552JX-XO093D - Đen,may-tinh
Laptop Acer V5573G002,may-tinh
Laptop Game MSI GP627RD-030XVN Leopard,may-tinh
Laptop Game MSI GL627QF-1810XVN,may-tinh
Laptop Game MSI GL727QF-1023XVN,may-tinh
Macbook Pro 2016 Retina MLL42ZPA,may-tinh
Laptop Asus UX410UA-GV063,may-tinh
Laptop Game MSI CX62 7QL-049XVN,may-tinh
Laptop Dell Vostro V5568-70087070,may-tinh
Laptop Lenovo Ideapad IDP710S-80VQ003GVN - Màu Gold,may-tinh
Laptop Dell Inspiron N5378-26W971,may-tinh
Laptop Lenovo Ideapad IDP310-80SM005CVN,may-tinh
Laptop Asus X541UV-XX039D,may-tinh
Laptop HP New Pavilion P15-AU069TX,may-tinh
Laptop HP HP15-AY050TX,may-tinh
Tủ Lạnh Side By Side LG GRR247LGW 675 Lít Inverter,tu-lanh
Tủ Lạnh Side By Side LG GRR247LGB 675 Lít Inverter ,tu-lanh
Tủ Lạnh LG Side By Side GRR247JS Inverter,tu-lanh
Tủ lạnh LG GRL502SD 438 lít,tu-lanh
Tủ lạnh Side By Side LG GRP247JS 601 Lít,tu-lanh
Tủ Lạnh Side By Side GRB247JS - Linear Compressor Inverter 687L,tu-lanh
Tủ lạnh LG Side by Side GR-B247JP Inverter,tu-lanh
Tủ lạnh SBS LG 668 lít inverter,tu-lanh
Tủ lạnh LG GRL502S 438L Inverter,tu-lanh
Tủ lạnh LG GNL275BF,tu-lanh
Tủ lạnh Inverter SBS LG GRB227GF,tu-lanh
Tủ lạnh LG GNL225BS,tu-lanh
Tủ lạnh LG GRL333BF,tu-lanh
Tủ lạnh SBS LG GRR227GF,tu-lanh
Tủ lạnh SBS LG GRP227GF,tu-lanh
Tủ lạnh SBS LG GRH267LGW,tu-lanh
Tủ lạnh LG GNL225PS omega,tu-lanh
Tủ lạnh LG GNL225BF omega,tu-lanh
Tủ lạnh LG GN-L275BS,tu-lanh
Tủ lạnh LG GN-L205PS,tu-lanh
Tủ lạnh LG GRL333PS - 333L,tu-lanh
Tủ lạnh LG GN-L275PS,tu-lanh
Tủ lạnh LG GNL205BS - 205L,tu-lanh
Tủ lạnh LG GR-L702SD - 530L,tu-lanh
Tủ lạnh LG GR-L333BS - 333L,tu-lanh
Tủ lạnh SBS LG GRR267LGK,tu-lanh
Tủ lạnh SBS LG GRP227GS,tu-lanh
Tủ lạnh SBS LG GRB227GP,tu-lanh
Tủ lạnh SBS LG GRB227GS,tu-lanh
Tủ lạnh SBS LG GRP267JS - 609L,tu-lanh
Tủ lạnh LG GRL702S - 490L INVERTER màu bạc,tu-lanh
Tủ lạnh LG GRL602S - 458L INVERTER màu bạc,tu-lanh
Điều Hòa Daikin 2 Chiều Inverter 20.500BTU FTHM60HVMV,dieu-hoa
Điều hòa 2 chiều Inverter Daikin FTHM71HVMV,dieu-hoa
Điều hòa 1 chiều Inverter Daikin FTKC60QVMV,dieu-hoa
Điều hòa âm trần 2 chiều inverter Daikin FCQ50LUV1,dieu-hoa
Điều hòa 2 chiều tủ đứng Daikin FVQN71AXV1,dieu-hoa
Điều hòa 1 chiều Inverter DAIKIN FTKC50QVMV,dieu-hoa
Điều hòa 1 chiều Inverter Daikin FTKC25QVMV,dieu-hoa
Điều hòa 1 chiều inverter Daikin FTKC35QVMV,dieu-hoa
Điều hòa Inverter Daikin FTHM50HVMV,dieu-hoa
Điều hòa Daikin 1 chiều Inverter FTKS60GVMV,dieu-hoa
Điều hòa Daikin 2 chiều Inverter FTXM35HVMV,dieu-hoa
Điều hòa Daikin 2 chiều Inverter FTXM25HVM,dieu-hoa
Điều hòa DAIKIN FTNE35MV1V 1 chiều,dieu-hoa
Điều hòa 1 chiều Inverter Daikin FTKC50NVMV,dieu-hoa
Điều Hoà Daikin FTKC60NVMV,dieu-hoa
Điều hòa 1 Chiều Daikin FTNE60MV1V,dieu-hoa
Điều hòa DAIKIN FTNE25MV1V,dieu-hoa
Điều hòa Daikin FTNE50MV1V,dieu-hoa
Điều hòa Daikin FTXS60GVMV Inverter 2 chiều,dieu-hoa
Điều hòa Daikin 1 chiều Inverter FTKS71GVMV,dieu-hoa
Điều hòa DAIKIN FTXS71GVMV 24.200BTU 2 chiều Inverter R 410A,dieu-hoa
Điều hòa DAIKIN FTXS50GVMV- 17.100BTU 2chiều Inverter,dieu-hoa
Điều hòa 2 chiều Inverter Daikin FTXS35GVMV,dieu-hoa
Điều hòa DAIKIN  2 chiều Inverter FTXS25GVMV,dieu-hoa
Điều hòa 1 chiều Inverter DAIKIN FTKS35GVMV,dieu-hoa
Điều hòa 1 chiều Inverter DAIKIN FTKS50GVMV,dieu-hoa
Điều hòa 1 chiều Inverter DAIKIN FTKS25GVMV,dieu-hoa
Tủ Lạnh Hitachi 375 Lít Inverter RSG38FPGVGBK,tu-lanh
Tủ lạnh Hitachi E6200VXW  657Lít,tu-lanh
Tủ lạnh Hitachi RG180AGV5GXB 184 Lít,tu-lanh
Tủ Lạnh Hitachi Inverter 640 Lít WB800PGV5GBK,tu-lanh
Tủ lạnh Hitachi WB730PGV5XGR 590 Lít,tu-lanh
Tủ lạnh Hitachi SG31BPGGBW - 305 lít,tu-lanh
Tủ Lạnh Hitachi E6800XVX 772 lít Inverter,tu-lanh
Tủ Lạnh Hitachi  E6200VXT 657L Inverter Màu Nâu,tu-lanh
Tủ lạnh Hitachi RG180AGV5BXB 184Lít  - Màu xanh,tu-lanh
Tủ lạnh Hitachi E6200VXK 657 lít,tu-lanh
Tủ lạnh Hitachi R-G180AGV5 - Màu bạc,tu-lanh
Tủ lạnh inverter Hitachi VG400PGV3GPW - Trắng,tu-lanh
Tủ lạnh inverter Hitachi VG470PGV3GPW - Trắng,tu-lanh
Tủ lạnh inverter Hitachi VG440PGV3GPW,tu-lanh
Tủ lạnh Inverter Hitachi SF48EMVSH,tu-lanh
Tủ lạnh Inverter Hitachi E5000V 529 Lít - Màu Bạc,tu-lanh
Tủ lạnh SBS Hitachi RM700GPGV2GS,tu-lanh
Tủ lạnh Hitachi RH350PGV4SLS 290L - bạc,tu-lanh
Tủ lạnh Hitachi RH310PGV4SLS 260L - bạc,tu-lanh
Tủ lạnh Hitachi RH230PGV4SLS 225l,tu-lanh
Tủ lạnh Hitachi RH200PGV4SLS - 200Ml,tu-lanh
Tủ lạnh Hitachi R-V470PGV3DSLS,tu-lanh
Tủ lạnh Hitachi R-V440PGV3INX,tu-lanh
Tủ lạnh SBS Hitachi Inverter RM700AGPGV4XDIA,tu-lanh
Tủ lạnh Hitachi C6200SXK,tu-lanh
Tủ lạnh Hitachi inverter VG540PGV3GBK,tu-lanh
Tủ lạnh Hitachi W660FPGV3XGBK,tu-lanh
Tủ lạnh Hitachi WB545PGV2GBW,tu-lanh
Tủ lạnh Hitachi WB545PGV2GBK,tu-lanh
Tủ lạnh Hitachi WB545PGV2GS 429 lít\s 3 cửa\s màu bạc,tu-lanh
Tủ lạnh Hitachi WB475PGV2GS,tu-lanh
Tủ lạnh HITACHI WB475PGV2GBW,tu-lanh
Tủ lạnh HITACHI WB475PGV2GBK,tu-lanh
Tủ lạnh Inverter Hitachi VG470PGV3GBK,tu-lanh
Tủ lạnh Hitachi VG470PGV3GBW,tu-lanh
Tủ lạnh Inverter Hitachi VG440PGV3GBK,tu-lanh
Tủ lạnh inverter Hitachi VG440PGV3GBW,tu-lanh
Tủ lạnh Hitachi VG400PGV3GBK 335lít\s  inverter\s màu gương đen,tu-lanh
Tủ lạnh Hitachi VG400PGV3GBW,tu-lanh
Tủ lạnh Hitachi W660PGV3GBK,tu-lanh
Tủ lạnh Hitachi W660FPGV3XGBW,tu-lanh
Tủ lạnh inverter Hitachi W660PGV3GBW - Nâu,tu-lanh
Tủ lạnh Hitachi C6800SXT,tu-lanh
Tủ lạnh Hitachi C6800SXS - Bạc,tu-lanh
Tủ lạnh Hitachi C6800SX,tu-lanh
Tủ lạnh SBS Hitachi RS700PGV2GS,tu-lanh
Tủ lạnh SBS Hitachi R-S700PGV2GBK,tu-lanh
Tủ lạnh Side by side Hitachi RS700GPGV2GBK,tu-lanh
Tủ lạnh SBS Hitachi RM700PGV2GS,tu-lanh
Tủ lạnh SBS Hitachi RM700PGV2GBK,tu-lanh
Tủ lạnh SBS Hitachi RM700GPGV2XMIR,tu-lanh
Tủ lạnh SBS Hitachi RM700GPGV2GBK,tu-lanh
Tủ lạnh Side by side Hitachi R-M700GPGV2XMBW,tu-lanh
Tủ lạnh Hitachi SG37BPGGS,tu-lanh
Tủ lạnh Hitachi SG37BPGGBK - Đen,tu-lanh
Tủ lạnh Hitachi SG31BPGGS - Bạc,tu-lanh
Tủ lạnh Hitachi SG31BPGGBK,tu-lanh
Tủ Lạnh Electrolux EBE4500AA 419 Lít Inverter,tu-lanh
Tủ lạnh Inverter Electrolux ETB2100MG,tu-lanh
Tủ lạnh Inverter ELectrolux ETE3500AG  - Màu xám,tu-lanh
Tủ lạnh Inverter Electrolux EBB2600MG - Màu xám,tu-lanh
Tủ lạnh Inverter Electrolux EME2600MG,tu-lanh
Tủ lạnh Inverter Electrolux ETB3500MG,tu-lanh
Tủ lạnh Inverter Electrolux EBE3500AG,tu-lanh
Tủ lạnh Inverter Electrolux EME3500MG,tu-lanh
Tủ lạnh Inverter Electrolux ETB2600MG,tu-lanh
Tủ lạnh Inverter Electrolux ETB2300MG,tu-lanh
Tủ lạnh Electrolux ETB2302MG,tu-lanh
Tủ lạnh Inverter Electrolux EBB3500MG,tu-lanh
Tủ lạnh Inverter Electrolux ETE5720AA,tu-lanh
Tủ lạnh Inverter Electrolux ETE4600AA - Màu bạc,tu-lanh
Tủ lạnh Inverter Electrolux ETB5702AA - Màu bạc,tu-lanh
Tủ lạnh Inverter Electrolux ETB4602AA - Màu bạc,tu-lanh
Tủ lạnh Inverter Electrolux ETB3200MG,tu-lanh
Tủ lạnh Inverter Electrolux EBB3200MG,tu-lanh
Tủ lạnh Electrolux EQE6807SD,tu-lanh
Tivi LED 3D Sony KDL43W800C 43inch,tivi
Tivi Led Sony KDL49W750D,tivi
Tivi LED 3D Sony KDL55W800C - 55inch,tivi
Tivi Led Sony KDL43W750D,tivi
Tivi LED Sony KDL48W650D,tivi
Tivi LED Sony KDL40W650D,tivi
Tivi Led Sony 40 Inch KDL40R350D,tivi
Tivi Led Sony KD65S8500D,tivi
Tivi Led Sony KD55S8500D,tivi
Tivi LED Sony KD75X8500D,tivi
TIVI LED Sony KD65X8500D,tivi
TIVI LED Sony KD55X8500DS,tivi
TIVI LED Sony KD55X8500D,tivi
Tivi Led Sony 43 Inch KD43X8000E,tivi
TIVI LED SONY KD50S8000D 50 inch,tivi
TIVI LED Sony KD49X8000DS 49 inch,tivi
TIVI LED Sony KD49X8000D 49 inch,tivi
TIVI LED Sony KD65X7500D,tivi
TIVI LED Sony KD55X7000D-55,tivi
TIVI LED Sony KD49X7000D,tivi
TIVI LED Sony KDL-55W650D 55 inch,tivi
TIVI LED 3D Sony KD65X9300D,tivi
TIVI LED 3D Sony KD55X9300D,tivi
Tivi Led Sony KDL32R300D,tivi
Tivi LED Sony KDL32W600D,tivi
Tivi LCD Sony KLV22BX320,tivi
Tivi LED 3D Sony KDL50W800C - 50 inch,tivi
Tivi LED 3D Sony KDL65W850C - 65 inch,tivi
Tủ Lạnh Panasonic Inverter 188 Lít NRBA228PKVN,tu-lanh
Tủ Lạnh Panasonic NRBA228PSVN 188 Lít inverter,tu-lanh
Tủ lạnh Panasonic NRBA188PSVN 167 lít,tu-lanh
Tủ Lạnh Panasonic NRBA178PSVN - 152 Lít,tu-lanh
Tủ lạnh Panasonic NR-F681GT-X2 Inverter - Mặt gương,tu-lanh
Tủ lạnh inverter Panasonic NR-BY558XSVN,tu-lanh
Tủ lạnh Inverter Panasonic NR-CY557GKVN,tu-lanh
Tủ lạnh Inverter Panasonic NR-BX468GKVN,tu-lanh
Tủ lạnh inverter Panasonic NR-BX418GKVN,tu-lanh
Tủ lạnh Inverter Panasonic NRCY557GSVN,tu-lanh
Tủ lạnh Inverter Panasonic NRBV328GKVN,tu-lanh
Tủ lạnh Inverter Panasonic NRBV368GKVN,tu-lanh
Tủ lạnh Inverter Panasonic NRBV288GKVN,tu-lanh
Tủ lạnh Panasonic NRBX468GWVN - Màu trắng,tu-lanh
Tủ lạnh Panasonic NRBX418GWVN,tu-lanh
Tủ lạnh Panasonic NRBX418XSVN- Màu thép,tu-lanh
Tủ lạnh Panasonic NRBX468XSVN,tu-lanh
Tủ lạnh Panasonic NRBX468VSVN,tu-lanh
Tủ lạnh Inverter Panasonic NRBV368XSVN,tu-lanh
Tủ lạnh Inverter Panasonic NRBV368QSVN,tu-lanh
Tủ lạnh Inverter Panasonic NRBV328XSVN,tu-lanh
Tủ lạnh Inverter Panasonic NRBV328QSVN,tu-lanh
Tủ lạnh Inverter Panasonic NRBV288XSVN,tu-lanh
Tủ lạnh Panasonic NRBV288QSVN 255 Lít - Inverter,tu-lanh
Tủ lạnh INVERTER Panasonic NRF610GTN2,tu-lanh
Tủ lạnh INVERTER Panasonic NRCY557GXVN,tu-lanh
Tủ lạnh INVERTER Panasonic NRF610GTX2,tu-lanh
Tủ lạnh INVERTER Panasonic NRCY557GWVN,tu-lanh
Tủ lạnh Panasonic NRBM229GSVN - 188L,tu-lanh
Tủ lạnh Panasonic NR-BM229MTVN,tu-lanh
Tủ lạnh Panasonic NR-BL307XNVN,tu-lanh
Tủ lạnh Panasonic NRBL267VSVN - Bạc Ánh Kim,tu-lanh
Tủ lạnh Panasonic NR-BL267PSVN - Bạc,tu-lanh
TỦ LẠNH PANASONIC NR-BJ151SSV1,tu-lanh
TỦ LẠNH PANASONIC NR-BM189MTVN,tu-lanh
Tủ lạnh Panasonic NRBM189GSVN-152 lít,tu-lanh
Tủ lạnh Panasonic NR-BM179MTVN,tu-lanh
Tủ lạnh Panasonic NRBM179GSVN -152lit,tu-lanh
Tủ lạnh Aqua AQR125ANSS,tu-lanh
Tủ lạnh Midea HS65SN,tu-lanh
Tủ lạnh Midea HS122SN,tu-lanh
Tủ lạnh Midea HS90SN,tu-lanh
Tủ lạnh Side-by-side Samsung RS554NRUA1J 538 lít,tu-lanh
Tủ lạnh MITSUBISHI MRHD32GSLV,tu-lanh
Tủ lạnh MITSUBISHI MRHD32GOBV,tu-lanh
Tủ lạnh Toshiba GRWG58VDAZZW,tu-lanh
Tủ lạnh Toshiba GRWG58VDAZGG - 546 lit\s Inverter,tu-lanh
Tủ lạnh Toshiba GRTG46VPDZZW,tu-lanh
Tủ lạnh Toshiba GRTG41VPDZZW,tu-lanh
Toshiba GRWG66VDAZZW - gương trắng,tu-lanh
Tủ lạnh Inverter Toshiba GRWG66VDAZGG,tu-lanh
Tủ lạnh Hitachi inverter VG540PGV3GBK,tu-lanh
Tủ lạnh MITSUBISHI MRC46GPWHV - 370L\s 3 cửa,tu-lanh
Tủ lạnh MITSUBISHI MRC46GPSV - 370L,tu-lanh
Tủ lạnh MITSUBISHI MRC46GOBV,tu-lanh
Tủ lạnh MITSUBISHI MRC41GSTV - 338L,tu-lanh
Tủ lạnh MITSUBISHI MRC41GPWHV - 338L\s 3 cửa,tu-lanh
Tủ lạnh MITSUBISHI MRC41GPSV - 338L\s 3 cửa,tu-lanh
Tủ lạnh MITSUBISHI MRC41GOBV,tu-lanh
Tủ lạnh Hitachi W660FPGV3XGBK,tu-lanh
Tủ lạnh Hitachi WB545PGV2GBW,tu-lanh
Tủ lạnh Hitachi WB545PGV2GBK,tu-lanh
Tủ lạnh Hitachi WB545PGV2GS 429 lít\s 3 cửa\s màu bạc,tu-lanh
Tủ lạnh Hitachi WB475PGV2GS,tu-lanh
Tủ lạnh HITACHI WB475PGV2GBW,tu-lanh
Tủ lạnh HITACHI WB475PGV2GBK,tu-lanh
Tủ lạnh MITSUBISHI MRC46GSTV,tu-lanh
Tủ lạnh Inverter Hitachi VG470PGV3GBK,tu-lanh
Tủ lạnh Hitachi VG470PGV3GBW,tu-lanh
Tủ lạnh Inverter Hitachi VG440PGV3GBK,tu-lanh
Tủ lạnh inverter Hitachi VG440PGV3GBW,tu-lanh
Tủ lạnh Hitachi VG400PGV3GBK 335lít\s  inverter\s màu gương đen,tu-lanh
Tủ lạnh Hitachi VG400PGV3GBW,tu-lanh
Tủ lạnh Hitachi W660PGV3GBK,tu-lanh
Tủ lạnh Hitachi W660FPGV3XGBW,tu-lanh
Tủ lạnh inverter Hitachi W660PGV3GBW - Nâu,tu-lanh
Tủ lạnh Hitachi C6800SXT,tu-lanh
Tủ lạnh Hitachi C6800SXS - Bạc,tu-lanh
Tủ lạnh Samsung RT25FARBD,tu-lanh
Tủ lạnh Toshiba WG58VDAGG,tu-lanh
Tủ lạnh Hitachi C6800SX,tu-lanh
Tủ lạnh Toshiba S25VUBTS,tu-lanh
Tủ lạnh Toshiba S25VPBS,tu-lanh
Tủ lạnh Toshiba S19VPP(S),tu-lanh
Tủ lạnh Toshiba S19VPPDS,tu-lanh
Tủ lạnh MITSUBISHI MRJX64WNV,tu-lanh
Tủ lạnh MITSUBISHI MRJX64WBRV,tu-lanh
Tủ lạnh MITSUBISHI MRV50ESTV,tu-lanh
Tủ lạnh MITSUBISHI MRZ65WDBV,tu-lanh
Tủ lạnh MITSUBISHI MRZ65WCWV,tu-lanh
Tủ lạnh SBS Hitachi RS700PGV2GS,tu-lanh
Tủ lạnh SBS Hitachi R-S700PGV2GBK,tu-lanh
Tủ lạnh Side by side Hitachi RS700GPGV2GBK,tu-lanh
Tủ lạnh SBS Hitachi RM700PGV2GS,tu-lanh
Tủ lạnh SBS Hitachi RM700PGV2GBK,tu-lanh
Tủ lạnh SBS Hitachi RM700GPGV2XMIR,tu-lanh
Tủ lạnh SBS Hitachi RM700GPGV2GBK,tu-lanh
Tủ lạnh Side by side Hitachi R-M700GPGV2XMBW,tu-lanh
Tủ lạnh Samsung RT20FARWD,tu-lanh
Tủ lạnh Inverter Samsung RT22FARBD,tu-lanh
Tủ lạnh Samsung RS22HZNBP,tu-lanh
Tủ lạnh Side-by-side Samsung RSA1WTSL 510 lít,tu-lanh
Tivi Led Samsung UA49K5500,tivi
Tivi Led Samsung UA43K5500,tivi
Tivi LED 3D Sony KDL43W800C 43inch,tivi
Tivi Led LG 49UH610T,tivi
Tivi Led Sony KDL49W750D,tivi
Tivi Led LG 43LH590T,tivi
Tivi Led Samsung UA40K5500,tivi
TIVI LED Samsung UA50KU6000,tivi
Tivi LED 3D LG 49UH850T,tivi
TIVI LED Samsung UA43KU6500,tivi
Tivi LED 3D Sony KDL55W800C - 55inch,tivi
Tivi Led Samsung UA55KU6400,tivi
Tivi Led Sony KDL43W750D,tivi
Tivi LED Sony KDL48W650D,tivi
TIVI LED Samsung UA43KU6000,tivi
Tivi LED LG 43UH650T,tivi
Tivi LG  43LH511T 43 inch,tivi
Tivi LED LG 49LH511T,tivi
Tivi LED Sony KDL40W650D,tivi
Tivi Led Sony 40 Inch KDL40R350D,tivi
TIVI LED LG 75UH656T,tivi
Tivi Led LG 43UH610T,tivi
TIVI LED LG 49UH617T 49 inch,tivi
TIVI LED Samsung UA40KU6000,tivi
Tivi Led LG 60UH617T,tivi
Tivi Led Sony KDL32R300D,tivi
Tivi Oled LG 3D OLED55C6T,tivi
Tivi Led LG 3D Art Slim 86UH955T,tivi
Tivi Led Samsung UA55K5500,tivi
Tivi Led Sony KD65S8500D,tivi
Tivi Led TCL 55D2790,tivi
Tivi Led LG 32LH570D,tivi
TIVI LED LG 43LH605T,tivi
Tivi Led Toshiba 43L3650,tivi
Tivi Led Panasonic TH40DS500V,tivi
Tivi Led LG 65UH617T,tivi
Tivi Led LG 65UH770T,tivi
Tivi Led Toshiba 49L3650,tivi
Tivi Led Samsung UA40KU6400,tivi
Tivi Led Samsung UA43KU6400,tivi
Tivi Led Toshiba 32L3650,tivi
Tivi Led màn hình cong Samsung UA49K6300,tivi
Tivi Led Toshiba 40L3650,tivi
TIVI LED TCL L55E5900,tivi
TIVI LED TCL L40E5900,tivi
TIVI LED TCL L50E5900,tivi
Tivi LED TCL 55C1UF,tivi
Tivi LED Samsung UA49KU6400,tivi
TTIVI LED Samsung UA55K6300 55 inch,tivi
Tivi Led Samsung UA55KU6500,tivi
Tivi Led Samsung UA60KS7000,tivi
Tivi Led Samsung UA32K5500,tivi
Tivi Led Samsung UA40K6300,tivi
TIVI LED LG 49LH570T - 49 inch,tivi
Tivi Led 3D Samsung UA65KS9000,tivi
Tivi Led LG 32LH591D,tivi
Tivi Led LG 32LH512D,tivi
Tivi Led Samsung UA55KU6000,tivi
Tivi Led Samsung UA49KU6500,tivi
Tivi Led Sony KD55S8500D,tivi
Điều hòa 1 chiều Sharp AHA12SEW,dieu-hoa
Điều hòa 1 chiều Sharp AHA18SEW,dieu-hoa
Điều hòa 1 chiều Sharp AHX12STW,dieu-hoa
Điều hòa 1 chiều Sharp AHX9STW,dieu-hoa
Điều hòa 1 chiều Sharp AHA9SEW,dieu-hoa
Điều hòa 2 chiều Media MS11D1A18HR,dieu-hoa
Điều hòa 1 chiều Midea MS11D1A18CR,dieu-hoa
Điều hòa 1 chiều Midea MS11D1A09CR,dieu-hoa
Điều hòa 2 chiều Midea MS11D1A09HR,dieu-hoa
Điều hòa 2 chiều Midea MS11D1A12HR,dieu-hoa
Điều hòa 1 chiều Midea MS11D1A12CR,dieu-hoa
Điều hòa tủ đứng MIDEA MFS250HR,dieu-hoa
Điều hòa tủ đứng MIDEA MFS228CR,dieu-hoa
Điều hòa Tủ đứng MIDEA MFS250CR,dieu-hoa
Điều hòa 1 chiều Hitachi RASF13CF,dieu-hoa
Điều hòa 1 chiều Hitachi RASF10CF,dieu-hoa
Điều hòa 1 chiều Inverter Hitachi RASX13CD,dieu-hoa
Tủ lạnh Inverter  MITSUBISHI MRCX46EJPSV,tu-lanh
Tủ lạnh Inverter MITSUBISHI MRCX41EJPSV,tu-lanh
Tủ lạnh Inverter MITSUBISHI MRCX46EJBRWV,tu-lanh
Tủ lạnh Inverter MITSUBISHI MRCX41EJBRWV,tu-lanh
Tủ lạnh MITSUBISHI  MRFV24JBRV,tu-lanh
Tủ lạnh Inverter MITSUBISHI MRFV32EJPSV - Bạc,tu-lanh
Tủ lạnh Inverter MITSUBISHI MRFV28EJPSV,tu-lanh
Tủ lạnh Inverter MITSUBISHI MRWX53YPV - Hồng,tu-lanh
Tủ lạnh Inverter MITSUBISHI MRFV28EJBRV,tu-lanh
Tủ lạnh Inverter MITSUBISHI  MRFV32EJBRV,tu-lanh
Tủ lạnh Inverter MITSUBISHI MRWX53YBRV,tu-lanh
Tủ lạnh MITSUBISHI MRF47EHSTV,tu-lanh
Tủ lạnh MITSUBISHI MRV50EHBRWV,tu-lanh
Tủ lạnh MITSUBISHI MRF47EHBRWV - Nâu,tu-lanh
Tủ lạnh MITSUBISHI MRF42EHSTV,tu-lanh
Tủ lạnh MITSUBISHI MRF42EHBRWV  - Nâu,tu-lanh
Tủ lạnh MITSUBISHI MRF55EHBRWV- Gương Nâu,tu-lanh
Tủ lạnh MITSUBISHI MR-V45G-DB-V - Màu kim cương đen,tu-lanh
Tủ lạnh MITSUBISHI MR-V45G-ST-V - Màu thép không gỉ,tu-lanh
Tủ lạnh MITSUBISHI MR-V45G-SS-V - Màu Bạc,tu-lanh
Tủ lạnh MITSUBISHI MRWX71YPV - Hồng Ánh Kim,tu-lanh
Tủ lạnh MITSUBISHI MR-WX71YB-RV - Nâu Ánh Kim,tu-lanh
Tủ lạnh MITSUBISHI MRHD32GSLV,tu-lanh
Tủ lạnh MITSUBISHI MRHD32GOBV,tu-lanh
Tủ lạnh MITSUBISHI MRC46GPWHV - 370L\s 3 cửa,tu-lanh
Tủ lạnh MITSUBISHI MRC46GPSV - 370L,tu-lanh
Tủ lạnh MITSUBISHI MRC46GOBV,tu-lanh
Tủ lạnh MITSUBISHI MRC41GSTV - 338L,tu-lanh
Tủ lạnh MITSUBISHI MRC41GPWHV - 338L\s 3 cửa,tu-lanh
Tủ lạnh MITSUBISHI MRC41GPSV - 338L\s 3 cửa,tu-lanh
Tủ lạnh MITSUBISHI MRC41GOBV,tu-lanh
Tủ lạnh MITSUBISHI MRC46GSTV,tu-lanh
Tủ lạnh MITSUBISHI MRJX64WNV,tu-lanh
Tủ lạnh MITSUBISHI MRJX64WBRV,tu-lanh
Tủ lạnh MITSUBISHI MRV50ESTV,tu-lanh
Tủ lạnh MITSUBISHI MRZ65WDBV,tu-lanh
Tủ lạnh MITSUBISHI MRZ65WCWV,tu-lanh
Điều hòa 1 chiều Inverter Electrolux  ESV18CRKA1,dieu-hoa
Điều hòa 1 chiều Inverter Electrolux  ESV09CRKA1,dieu-hoa
Điều hòa 1 chiều Inverter Electrolux  ESV12CRKA1,dieu-hoa
Điều hòa Electrolux  ESM18HRFD1,dieu-hoa
Điều hòa Electrolux ESM12CRIA3,dieu-hoa
Điều hòa Electrolux  ESM09CRIA3,dieu-hoa
Điều hòa Electrolux  ESM18CRIA3,dieu-hoa
Điều hòa Electrolux  ESM18CRFD1,dieu-hoa
Điều hòa Electrolux ESM09HRFD2 - 9.000BTU 2 chiều,dieu-hoa
Điều hòa Electrolux ESM12CRFD1,dieu-hoa
Điều hòa 2 chiều Electrolux ESM12HRFD1,dieu-hoa
Điều hòa 1 chiều Electrolux ESM09CRFD2,dieu-hoa
Điều hòa 1 chiều Gree GWC12QC,dieu-hoa
Điều hòa 2 chiều Gree GWH12QC,dieu-hoa
Điều hòa 2 chiều Gree GWH09QB,dieu-hoa
Điều hòa 1 chiều Gree GWC18QD,dieu-hoa
Điều hòa Gree Lomo  GWC09QB - 9.000 BTU GAS 410,dieu-hoa
Điều hòa Gree GWH09NA - 9.000BTU - 2 chiều GAS 22,dieu-hoa
Điều hòa 2 chiều Gree GWH12NB,dieu-hoa
Điều hòa 1 chiều Mitsubishi MSHM50VA,dieu-hoa
Điều hòa 1 chiều Mitsubishi MSHM60VA,dieu-hoa
Điều hòa 2 chiều Inverter Mitsubishi - MSZFM35VA,dieu-hoa
Điều hòa Mitsubishi 2 chiều Inverter MSZFM25VA,dieu-hoa
Điều hòa 1 chiều Mitsubishi MSHM35VA,dieu-hoa
Điều hòa 1 chiều Mitsubishi MSHM25VA,dieu-hoa
Điều hòa Mitsubishi 2 chiều Inverter MSZHL50VA,dieu-hoa
Điều hòa Mitsubishi MSHL35VC 1 chiều,dieu-hoa
Điều hòa Mitsubishi MS-HL50VC 1chiều,dieu-hoa
Điều hòa Mitsubishi MSHL25VC 1 CHIỀU GAS R22,dieu-hoa
Điều hòa Mitsubishi MSZHL35VA 2 chiều,dieu-hoa
Điều hòa Mitsubishi MSZHL25VA - 8.530BTU,dieu-hoa
Điều hòa inverter Mitsubishi MSYGH18VA,dieu-hoa
Điều hòa Mitsubishi MSYGH13VA 1 chiều inverter,dieu-hoa
Điều hòa Mitsubishi MSYGH10VA 8\s871 BTU,dieu-hoa
Máy tính để bàn Dell Vostro V365342VT35D003,may-tinh
Máy tính để bàn SingPC M32555,may-tinh
Máy tính để bàn HP 280 G2 Microtower,may-tinh
Máy tính để bàn Asus K31CD-VN013D,may-tinh
Máy tính để bàn Dell Inspiron 3250ST - STI51315,may-tinh
Máy Tính Để Bàn Dell Vostro V3650MT70081532 ,may-tinh
Máy tính để bàn Dell Vostro V3650MT70083255,may-tinh
Máy Tính Để Bàn Dell Inspiron 3250STI55314,may-tinh
Máy tính để bàn AIO Dell Inspiron 3059,may-tinh
Máy tính để bàn HP Pavilion 510-P041L W2S49AA,may-tinh
Máy tính để bàn Dell Vostro 3650,may-tinh
Máy tính để bàn HP 260-P029l,may-tinh
Máy tính để bàn ASUS K31CD-VN016D,may-tinh
Máy tính để bàn SingPC HI34155,may-tinh
Máy tính để bàn SingPC E28345,may-tinh
Máy tính để bàn Dell Inspiron 3650 MT-I70123R,may-tinh
Máy tính để bàn Dell Inspiron 3250SFF - 70072577,may-tinh
Máy tính để bàn Dell Vostro 3653MT-42VT350002,may-tinh
Máy tính để bàn All In One HP 20-C025L,may-tinh
Máy tính để bàn Dell Inspiron 3250ST - W0CK42,may-tinh
Máy tính để bàn Dell Vostro 3250-STI31301,may-tinh
Máy tính để bàn Dell Vostro 3250,may-tinh
Máy tính để bàn Dell Vostro  V3650MT70080487,may-tinh
Máy tính để bàn Asus D310MTI747900050,may-tinh
Máy tính để bàn Dell Inspiron 3650,may-tinh
Máy tính để bàn Dell Vostro V3650MTPYYPD1,may-tinh
Máy tính để bàn Dell Vostro V3250SFF70071320,may-tinh
Máy tính All In One Acer Aspire Z3-615,may-tinh
Máy tính để bàn Dell INS3647ST-I93ND14,may-tinh
Máy tính để bàn Dell Vostro 3800ST,may-tinh
Apple iMac MK142ZP/A,may-tinh
ASUS K31AD-VN027D,may-tinh
Máy tính để bàn ASUS-K31AN-VN007D,may-tinh
Máy tính để bàn ASUS K31AM-J-VN005D,may-tinh
ASUS All In One ET2040IUK-BB027W,may-tinh
Máy tính bỏ túi INTEL Compute Stick BOXSTCK1A32WFC,may-tinh
Laptop Lenovo IdeaPad 100 80RK0041VN,may-tinh
Laptop Asus X454LA-WX292D,may-tinh
Dell Inspiron N3558-70077308,may-tinh
Laptop Lenovo IdeaPad 110-14IBR 80T60055VN,may-tinh
Laptop HP 15-AY071TU,may-tinh
Asus E502SA-XX024D,may-tinh
Laptop Asus X540LA-XX265D,may-tinh
Laptop Dell Vostro V3568-VTI35037,may-tinh
Laptop Dell Vostro V3468-70088614,may-tinh
Laptop Dell Vostro V5568-70087069,may-tinh
Laptop Dell Vostro V3568-XF6C61,may-tinh
Laptop Asus X441SA-WX020D ,may-tinh
Laptop Dell Inspiron N3458-70073955,may-tinh
Laptop Dell Inspiron N5559D P51F004-TI78102,may-tinh
Laptop Dell Vostro V5468-VTI5019W-GOLD,may-tinh
Laptop Asus X540LA-DM423D,may-tinh
Laptop Asus UX410UA-GV064,may-tinh
Laptop HP Pavilion X360 P11-U104TU,may-tinh
Laptop HP 14-AM060TU,may-tinh
HP 15 AC665TU Silver,may-tinh
HP 15-AC146TU -Bạc,may-tinh
Asus N551JQ-CN012H - Xám,may-tinh
HP Pavilion Notebook P15-AB252TX - Bạc,may-tinh
Asus F554LA-XX1567D - Đen,may-tinh
Asus F454LA-WX390D,may-tinh
Asus K555LA-XX2716D,may-tinh
Lenovo Thinkpad E560-20EVA027VN - Đen,may-tinh
Asus K401LB-FR052T,may-tinh
Asus K555LD-XX361D,may-tinh
Dell Inspiron N3458-TXTGH2,may-tinh
Dell Inspiron N3558E-P47F001,may-tinh
Asus X453SA-WX138D,may-tinh
Dell Inspiron N3452-Y7Y4K1,may-tinh
Dell Inspiron N3559-70073151,may-tinh
Asus K501UX-DM132D,may-tinh
Dell Inspiron N5459-WX9KG2,may-tinh
HP Pavilion X360 P11-K116TU,may-tinh
HP 14-ac197TU,may-tinh
HP ProBook P450-T9S22PA,may-tinh
Asus X554LA-XX2560D,may-tinh
Asus A556UF-XX067D,may-tinh
Asus GL552VX-DM070D,may-tinh
Lenovo Thinkpad E460-20ETA021VN,may-tinh
HP New Pavilion P15-AB218TU,may-tinh
HP Pavilion P15-AB535TX,may-tinh
HP New Pavilion P15-ab220TU,may-tinh
HP Envy D019TU,may-tinh
HP Pavilion 14-ab117TU - Bạc,may-tinh
Dell Vostro V3559-GJJNK1 - Đen,may-tinh
Asus E502MA-XX0004T-Black,may-tinh
Asus X454LA-WX422D - Đen,may-tinh
HP 15-ac071TU - Trắng,may-tinh
Asus K555LB-XX302D,may-tinh
HP 14-AC010TU,may-tinh
Asus K455LA-WX415D,may-tinh
HP Stream Notebook - 13-c044tu,may-tinh
ASUS K501LX-DM082D,may-tinh
Asus X454LA-WX424D,may-tinh
ASUS F555LF-XX168D - Đen,may-tinh
HP Probook 430 - G2,may-tinh
Tủ lạnh Sharp SJ198PCSA 180 Lít,tu-lanh
Tủ Lạnh Sharp SJ198PSSA 180 Lít,tu-lanh
Tủ lạnh Inverter Sharp SJ-X281E-DS,tu-lanh
Tủ lạnh Inverter Sharp SJ-X251E-DS,tu-lanh
Tủ lạnh Inverter Sharp SJ-X281E-SL - Màu Bạc,tu-lanh
Tủ lạnh Inverter Sharp SJ-X251E-SL - Màu Bạc,tu-lanh
Tủ lạnh Sharp SJ195EDSS,tu-lanh
Tủ lạnh Sharp SJ175EDSS - Màu bạc,tu-lanh
Tủ lạnh Sharp SJFX680VST,tu-lanh
Tủ lạnh Inverter Sharp SJFX630VST,tu-lanh
Tủ lạnh Inverter Sharp SJFX680VWH - Trắng,tu-lanh
Tủ lạnh Sharp SJS280EDS - Bạc,tu-lanh
Tủ lạnh Sharp SJS280ESL - BạcTủ lạnh,tu-lanh
Tủ lạnh Sharp SJ217PSL - Bạc,tu-lanh
Tủ lạnh Sharp SJ212ESS - Bạc,tu-lanh
Tủ lạnh Sharp SJ211ESL,tu-lanh
Tủ lạnh Sharp SJ218PST - Bạc,tu-lanh
Tủ lạnh Sharp SJ-16VF2-BS,tu-lanh
Tủ lạnh Sharp SJ-192E-SS - Xám,tu-lanh
Tủ lạnh Sharp SJ-198P-ST,tu-lanh
Tủ lạnh Sharp SJ-197P-CH,tu-lanh
Asus Zenpad 7 Z170CG-1A022A - Đen,may-tinh-bang
Asus Zenpad 7 Z170CG-1B014A - Trắng,may-tinh-bang
Asus Zenpad  Z380KL-1B059A - Trắng,may-tinh-bang
Asus Z300CG-1A022A,may-tinh-bang
Asus Z300CG-1B017A,may-tinh-bang
ASUS FE375CXG-1C025A - Trắng,may-tinh-bang
Asus Fonepad 7 FE375CXG,may-tinh-bang
ASUS FE380CG-1A056A Fonepad 8 - Đen,may-tinh-bang
Asus Fonepad 8 FE380CG-1B077A - Trắng,may-tinh-bang
Asus NEXUS 7C ME571KL,may-tinh-bang
Asus Fonepad 7 FE170CG-6C005A,may-tinh-bang
Máy tính bảng Asus Fonepad 7 FE170CG-1A026A DC 1.2Ghz\s 8GB\s wifi/3G đen,may-tinh-bang
Asus Fonepad 8 FE380CG 1A034A - Đen,may-tinh-bang
Máy tính bảng Asus Zenpad 7 Z170CG1L013A,may-tinh-bang
Asus Zenpad Z380KL-1L066A - Xám,may-tinh-bang
Asus Zenpad 7 Z370CG-1B001A - Trắng,may-tinh-bang
Asus Zenpad 7 Z370CG-1A002A - Đen,may-tinh-bang
ASUS Fonepad 7 FE171CG-1A018A,may-tinh-bang
Laptop Asus TP501UA-DN094T ,may-tinh
Laptop Asus TP201SA-FV0007T - Màu xám,may-tinh
Laptop HP Pavilion X360 P11-K108TU,may-tinh
Asus TP501UA-DN024T,may-tinh
Asus TP301UA-C4147T,may-tinh
HP Pavilion X360,may-tinh
Lenovo Yoga500-80N400JWVN - Đen,may-tinh
HP Pavilion X2 10-n135TU - Trắng,may-tinh
HP Pavilion X2 10-n136TU - Đỏ,may-tinh
HP Pavilion X360 P11-K143TU - Bạc,may-tinh
HP Pavilion x360 P11-k037TU,may-tinh
HP Pavilion X360 11- k118TU,may-tinh
Asus Transformer Book T200TA-CP004H,may-tinh
LED Samsung S19C170B-18.5,may-tinh
Màn hình máy tính LED Dell P2717H,may-tinh
Màn Hình HP 18.5 Inch V194,may-tinh
Màn Hình Máy Tính Led IPS Dell P2417H,may-tinh
Màn hình máy tính LED Dell SE2417HG,may-tinh
Màn Hình Máy Tính Led Asus VS207DF,may-tinh
Màn hình máy tính LED Asus VP228NE,may-tinh
Màn hình máy tính LED Dell E2016H,may-tinh
Màn hình máy tính LED HKC N1816,may-tinh
Màn hình máy tính LED Samsung LC24F390FHEXXV,may-tinh
Màn hình máy tính LED Samsung LS27F350FHEXXV,may-tinh
Màn hình máy tính LED Samsung LC27F390FHEXXV,may-tinh
Màn hình DELL E2316H,may-tinh
Màn hình HP Pavilion 23CWJ7Y74AS,may-tinh
Màn hình HP 22KD,may-tinh
Màn hình HP 19KAT3U82AA,may-tinh
Màn hình AH-IPS LG 27MP66HQ - Màu vàng,may-tinh
Màn hình HP 20KD,may-tinh
Màn hình Led LG 20M38A - Màu đen,may-tinh
Màn hình AH-IPS LG 24MP68VQ - Màu đen,may-tinh
Màn hình AH-IPS LG 24MP66HQ - Màu vàng,may-tinh
Màn hình AH-IPS LG 22MP48HQ - Màu đen,may-tinh
Màn hình Led Samsung LS22F350FHEXXV,may-tinh
Màn hình Led Samsung LS24F350FHEXXV,may-tinh
Màn hình máy tính LG LED 24M47VQ,may-tinh
Màn hình máy tính LED Dell E2216HV,may-tinh
Màn hình máy tính LED Dell 18.5 inch,may-tinh
LED Acer - E1900HQ,may-tinh
Màn hình Dell LED P2414H,may-tinh
Màn hình máy tính LED Dell S2316H,may-tinh
Màn hình máy tính Dell LED LCD S2415H,may-tinh
Màn hình LED Samsung LS27E510CS/XV 27 inch,may-tinh
Màn hình máy tính LED Dell E2016HV,may-tinh
Màn hình LED Samsung LS27E390HS,may-tinh
Màn hình LED Samsung LS27E310HSG,may-tinh
Màn hình LED Samsung LS24E360HL,may-tinh
Màn hình LED Samsung LS22E390HSXV,may-tinh
Màn Hình LED Samsung LS20D300NHMXV,may-tinh
Màn hình máy tính DELL Ultrasharp U2414H LED,may-tinh
Màn hình máy tính LCD Asus VS197DE,may-tinh
Máy tính bảng Samsung Galaxy Tab 3 V 7.0 3G - T116 Đen,may-tinh-bang
Samsung Galaxy Tab E - T561 - Đen,may-tinh-bang
Samsung Galaxy Tab E  - T561 - Trắng,may-tinh-bang
Máy tính bảng Samsung Galaxy T705,may-tinh-bang
Máy tính bảng Samsung Galaxy Tab 3 Lite 7.0 3G - T111 trắng,may-tinh-bang
Samsung Galaxy Tab A 8.0 SM-T355 - Đen,may-tinh-bang
Samsung Galaxy Tab A 9.7 SM-P555 - Trắng,may-tinh-bang
Samsung Galaxy Tab A 9.7 SM-P555 - Đen,may-tinh-bang
Samsung Galaxy Tab A 8.0 SM-P355 - Trắng,may-tinh-bang
Samsung Galaxy Tab A 8.0 SM-P355 - Đen,may-tinh-bang
Máy tính bảng Samsung Galaxy Tab A 10.1,may-tinh-bang
Máy tính bảng Samsung Galaxy Tab A T585W,may-tinh-bang
Máy tính bảng Samsung Galaxy Tab A6 T285B,may-tinh-bang
Máy tính bảng Samsung Galaxy Tab A6 T285W,may-tinh-bang
Máy tính bảng Samsung Galaxy Tab 3 V 7.0 3G - T116 Đen,may-tinh-bang
Ipad mini retina wifi 16GB-ME279ZPA - Bạc,may-tinh-bang
Apple ipad mini 2 retina wifi - 16GBME276,may-tinh-bang
IPad Mini 3 Wifi 4G 16GB MGYR2ZPA - Gold,may-tinh-bang
IPad Mini 3 Cellular 64GB Wifi 4G MGYN2THA,may-tinh-bang
Samsung Galaxy Tab E - T561 - Đen,may-tinh-bang
Samsung Galaxy Tab E  - T561 - Trắng,may-tinh-bang
Apple iPad Air 2 Wifi 4G 16GB MH1C2ZPA-Gold,may-tinh-bang
Asus Zenpad 7 Z170CG-1A022A - Đen,may-tinh-bang
Asus Zenpad 7 Z170CG-1B014A - Trắng,may-tinh-bang
Asus Zenpad  Z380KL-1B059A - Trắng,may-tinh-bang
Asus Z300CG-1A022A,may-tinh-bang
Asus Z300CG-1B017A,may-tinh-bang
Máy tính bảng Acer B1-723-K819,may-tinh-bang
Lenovo Phab Plus PB1-770M - Vàng,may-tinh-bang
Máy tính bảng Samsung Galaxy T705,may-tinh-bang
ASUS FE375CXG-1C025A - Trắng,may-tinh-bang
Asus Fonepad 7 FE375CXG,may-tinh-bang
ASUS FE380CG-1A056A Fonepad 8 - Đen,may-tinh-bang
Asus Fonepad 8 FE380CG-1B077A - Trắng,may-tinh-bang
Lenovo LNA7600-A10BL,may-tinh-bang
Asus NEXUS 7C ME571KL,may-tinh-bang
Asus Fonepad 7 FE170CG-6C005A,may-tinh-bang
Máy tính bảng Asus Fonepad 7 FE170CG-1A026A DC 1.2Ghz\s 8GB\s wifi/3G đen,may-tinh-bang
Máy tính bảng Samsung Galaxy Tab 3 Lite 7.0 3G - T111 trắng,may-tinh-bang
Asus Fonepad 8 FE380CG 1A034A - Đen,may-tinh-bang
iPad Air 2 Wi-Fi 16GB - Gold,may-tinh-bang
IPad mini 3 Wi-Fi 16GB - Gold,may-tinh-bang
IPad AIR 2 WI-FI 16GB - Gold,may-tinh-bang
Asus Zenpad 7 Z370CG-1B001A - Trắng,may-tinh-bang
Asus Zenpad 7 Z370CG-1A002A - Đen,may-tinh-bang
Asus Zenpad Z380KL-1L066A - Xám,may-tinh-bang
iPad Mini 4 Wifi Cell 4G 16GB - Bạc,may-tinh-bang
ASUS Fonepad 7 FE171CG-1A018A,may-tinh-bang
Acer AspireSwitch 10 SW3-013-13 - Trắng,may-tinh-bang
Samsung Galaxy Tab A 8.0 SM-T355 - Đen,may-tinh-bang
Samsung Galaxy Tab A 9.7 SM-P555 - Trắng,may-tinh-bang
Samsung Galaxy Tab A 9.7 SM-P555 - Đen,may-tinh-bang
Samsung Galaxy Tab A 8.0 SM-P355 - Trắng,may-tinh-bang
Samsung Galaxy Tab A 8.0 SM-P355 - Đen,may-tinh-bang
iPad Air 2 Wifi Cellular 32GB MNVR2THA Màu Gold,may-tinh-bang
Máy tính bảng Apple iPad Air 2 Wifi Cellular 16GB MH2W2LL/A,may-tinh-bang
iPad Mini2 Wifi 32GB ME280ZPA Màu Trắng Bạc,may-tinh-bang
iPad Air 2 Wifi 4GB 128GB MH1G2ZPA - Màu Gold,may-tinh-bang
Máy tính bảng Samsung Galaxy Tab A 10.1,may-tinh-bang
Máy tính bảng Acer A1-734 MT8735,may-tinh-bang
Máy tính bảng Lenovo TB3-710I - Màu Đen,may-tinh-bang
Máy tính bảng Apple iPad Pro Wi-Fi 32GB - Màu Rose Gold,may-tinh-bang
Máy tính bảng Samsung Galaxy Tab A T585W,may-tinh-bang
Máy tính bảng Samsung Galaxy Tab A6 T285B,may-tinh-bang
Máy tính bảng Samsung Galaxy Tab A6 T285W,may-tinh-bang
Máy tính bảng Asus Zenpad 7 Z170CG1L013A,may-tinh-bang
Máy tính bảng Apple iPad mini 4 MK6L2,may-tinh-bang
Máy tính bảng Cink ER7415,may-tinh-bang
Apple iPad Pro Wi-Fi 32GB - Xám,may-tinh-bang
Apple iPad Mini 4 Wi-Fi - Vàng,may-tinh-bang
Điện Thoại Sony Xperia Z5 Premium Dual E6883 - Crom,dien-thoai
Điện thoại Xperia XA F3116B - Màu đen,dien-thoai
Điện thoại di động Xperia X F5122 Lime Gold,dien-thoai
Điện thoại Sony Xperia M5 E5653 - Màu Vàng,dien-thoai
Điện thoại Xperia XA F3116SG - Màu vàng Sakura,dien-thoai
Điện thoại Xperia XA F3116W - Màu trắng,dien-thoai
Điện thoại Xperia X F512SG - Màu vàng Sakura,dien-thoai
Điện thoại Xperia XA F3116LG - Màu vàng chanh,dien-thoai
Điện thoại Xperia X F5122B - Màu đen,dien-thoai
Điện thoại Xperia X F5122W - Màu trắng,dien-thoai
Sony Xperia C4 Dual - Trắng,dien-thoai
Sony Xperia C4 Dual - Đen,dien-thoai
Sony Xperia M4 Aqua Dual E2312 - Đen,dien-thoai
Sony Xperia Z3 D6653 - trắng,dien-thoai
Sony Xperia M4 Aqua E2353,dien-thoai
Điện Thoại Sony Xperia Z5 Premium Dual E6883  - Vàng,dien-thoai
Sony Xperia Z5 Dual E6683 - Trắng,dien-thoai
Sony Xperia Z5 Dual E6683 - Xanh,dien-thoai
Sony Xperia Z5 Dual E6683 - Vàng,dien-thoai
Sony Xperia M5 Dual E5663,dien-thoai
Sony Xperia Z3 Plus D6553,dien-thoai
Điện Thoại Di Động Sony Xperia XZ F8332B - Màu Đen ,dien-thoai
Điện thoại di động Sony Xperia XZ F8332 - Màu Bạc Platinum,dien-thoai
Điện thoại di động Sony Xperia XZ F8332 - Màu Xanh Forest Blue,dien-thoai
Điện thoại Sony Xperia XA Ultra - Màu vàng chanh,dien-thoai
Điện thoại sony Xperia XA Ultra - Màu Đen,dien-thoai
Điện thoại sony Xperia XA Ultra - Màu Trắng,dien-thoai
Máy tính bảng Acer B1-723-K819,may-tinh-bang
Acer AspireSwitch 10 SW3-013-13 - Trắng,may-tinh-bang
Máy tính bảng Acer A1-734 MT8735,may-tinh-bang
Blackberry Passport - Bạc,dien-thoai
Lenovo Phab Plus PB1-770M - Vàng,may-tinh-bang
Lenovo LNA7600-A10BL,may-tinh-bang
Máy tính bảng Lenovo TB3-710I - Màu Đen,may-tinh-bang
Điện thoại di động FPT C2 - Black Red,dien-thoai
Điện thoại di động FPT C2 - Black,dien-thoai
Điện Thoại Di Động FPT Buk 55 LTE4G - Trắng,dien-thoai
Điện Thoại Di Động FPT Buk 55 LTE4G - Gold,dien-thoai
Điện thoại di động FPT X6 - Màu Trắng,dien-thoai
Điện thoại di động FPT X6 Gold,dien-thoai
Điện thoại di động FPT BUK 24 Rosy Gold,dien-thoai
Điện thoại di động FPT BUK 24 Gold,dien-thoai
Điện thoại di động FPT BUK 24 - Màu Đen,dien-thoai
Điện thoại di động FPT C3 - Màu Đen Đỏ,dien-thoai
Điện thoại di động FPT C3 - Màu Đen Xanh,dien-thoai
Điện thoại di động FPT C3 - Màu Đen,dien-thoai
Điện Thoại Di Động FPTBUK10B- Màu Bạc,dien-thoai
Điện Thoại Di Động FPTBUK10G- Màu Gold,dien-thoai
Điện Thoại Di Động FPTBUK10B- Màu Đen,dien-thoai
Điện Thoại Di Động FPT X508 Màu Đen,dien-thoai
Điện Thoại Di Động FPT X450 - Dark Blue,dien-thoai
Điện thoại di động FPT X450,dien-thoai
Điện thoại di động FPT BUK - Màu Đen Xanh,dien-thoai
Điện thoại FPT X403 -Trắng,dien-thoai
Điện thoại FPT BUK 3 - Màu Đen,dien-thoai
Điện thoại FPT B16 - Màu xanh đen,dien-thoai
Điện thoại FPT B16 - Màu đen,dien-thoai
Điện thoại FPT B16 - Màu đỏ đen,dien-thoai
Điện thoại di động FPT BUK,dien-thoai
FPT BUK - Đen,dien-thoai
Apple iPhone 6s Gold 64GB,dien-thoai
Apple iPhone 6s Rose Gold 64GB,dien-thoai
Apple iPhone 6s Plus Gold 16GB,dien-thoai
Apple iPhone 6s plus Rose Gold 16GB,dien-thoai
Apple iPhone 6s Gold 16GB,dien-thoai
Điện Thoại Apple iPhone 6S 32GB - Màu Gold,dien-thoai
Điện Thoại Apple iPhone 7 Plus 256GB Màu Vàng,dien-thoai
Điện thoại Apple iPhone 7 32GB Gold,dien-thoai
Điện thoại Apple iPhone 7 32GB Black,dien-thoai
Điện Thoại Apple iPhone 7 Plus 32GB Black MNQM2,dien-thoai
Điện Thoại Apple iPhone 7 Plus 128GB Rose Gold MN4U2,dien-thoai
Điện Thoại iPhone 7 Plus 128GB Màu Đen Bóng (Jet Black) MN4V2,dien-thoai
Điện Thoại iPhone 7 Plus 128GB Màu Gold  MN4Q2,dien-thoai
Điện Thoại Apple iPhone 7 Plus 256GB Màu Đen,dien-thoai
Điện Thoại Apple iPhone 7 Plus 32GB Màu Vàng Hồng,dien-thoai
Điện thoại Apple iPhone 7 256GB Black,dien-thoai
Điện Thoại Apple iPhone 7 Plus 32GB Màu Vàng,dien-thoai
Điện thoại Apple iPhone 7 128GB Jet Black,dien-thoai
Điện thoại Apple iPhone 7 128GB Rose Gold,dien-thoai
Điện thoại Apple iPhone 7 128GB Màu Vàng (Gold),dien-thoai
Điện Thoại Apple iPhone 7 Plus 32GB Màu Bạc,dien-thoai
Điện thoại Apple iPhone 7 Plus 32GB Màu Đen,dien-thoai
Điện thoại Apple iPhone 7 128GB Silver,dien-thoai
Điện Thoại iPhone 7 Plus 128GB Màu Đen Bóng (Jet Black),dien-thoai
Điện thoại Apple iPhone 7 128GB Black,dien-thoai
Điện thoại Apple iPhone 7 32GB Rose Gold,dien-thoai
Điện thoại Apple iPhone 7 32GB Gold,dien-thoai
Điện Thoại Apple iPhone 7 Plus 128GB Màu Vàng Hồng,dien-thoai
Điện thoại Apple iPhone 7 32GB Silver,dien-thoai
Điện thoại Apple iPhone 7 32GB Black,dien-thoai
Điện Thoại Apple iPhone 7 Plus 128GB Màu Vàng,dien-thoai
Điện Thoại Apple iPhone 7 Plus 128GB Màu Bạc,dien-thoai
Điện Thoại Apple iPhone 7 Plus 128GB Màu Đen,dien-thoai
Apple Iphone SE Rose Gold 16GB,dien-thoai
Điện thoại Apple Iphone SE MLLN2 - Màu đen,dien-thoai
IPhone 6 PLUS - Bạc,dien-thoai
Nokia 215 - Trắng,dien-thoai
Điện thoại di động Nokia 225 Bright Green,dien-thoai
Điện thoại di động Nokia 225 Black,dien-thoai
Nokia N105 2 sim - Đen,dien-thoai
Nokia N108 Đen,dien-thoai
Nokia RM-1110 215 - Đen,dien-thoai
Nokia 130 - Đỏ,dien-thoai
Nokia 130 - Đen,dien-thoai
Điện thoại di động Nokia 225 White,dien-thoai
Nokia N108 - Đỏ,dien-thoai
Điện Thoại Di Động Nokia 216 - Màu Xanh,dien-thoai
Điện Thoại Di Động Nokia 216 - Màu Đen,dien-thoai
Điện thoại di động Nokia N105 - Xanh,dien-thoai
Nokia NKN105SS,dien-thoai
Nokia NKN105SS,dien-thoai
Nokia 230-Bạc,dien-thoai
Nokia 230 - Xám bạc,dien-thoai
NOKIA 222 White,dien-thoai
NOKIA 222 Black,dien-thoai
Ipad mini retina wifi 16GB-ME279ZPA - Bạc,may-tinh-bang
Apple ipad mini 2 retina wifi - 16GBME276,may-tinh-bang
IPad Mini 3 Wifi 4G 16GB MGYR2ZPA - Gold,may-tinh-bang
IPad Mini 3 Cellular 64GB Wifi 4G MGYN2THA,may-tinh-bang
Apple iPad Air 2 Wifi 4G 16GB MH1C2ZPA-Gold,may-tinh-bang
iPad Air 2 Wi-Fi 16GB - Gold,may-tinh-bang
IPad mini 3 Wi-Fi 16GB - Gold,may-tinh-bang
IPad AIR 2 WI-FI 16GB - Gold,may-tinh-bang
iPad Air 2 Wifi Cellular 32GB MNVR2THA Màu Gold,may-tinh-bang
Máy tính bảng Apple iPad Air 2 Wifi Cellular 16GB MH2W2LL/A,may-tinh-bang
iPad Mini2 Wifi 32GB ME280ZPA Màu Trắng Bạc,may-tinh-bang
iPad Air 2 Wifi 4GB 128GB MH1G2ZPA - Màu Gold,may-tinh-bang
Máy tính bảng Apple iPad Pro Wi-Fi 32GB - Màu Rose Gold,may-tinh-bang
Máy tính bảng Apple iPad mini 4 MK6L2,may-tinh-bang
Apple iPad Pro Wi-Fi 32GB - Xám,may-tinh-bang
Apple iPad Mini 4 Wi-Fi - Vàng,may-tinh-bang
iPad Mini 4 Wifi Cell 4G 16GB - Bạc,may-tinh-bang
Điều Hòa 2 Chiều Inverter Toshiba RASH10G2KVPV,dieu-hoa
Điều Hòa 2 Chiều Inverter Toshiba RASH13G2KVPV,dieu-hoa
Điều hòa 1 chiều Inverter Toshiba RASH10BKCVV,dieu-hoa
Điều hòa 1 chiều Toshiba RASH18S3KSV,dieu-hoa
Điều hòa 1 chiều Inverter Toshiba  RASH13BKCVV,dieu-hoa
Điều hòa 2 chiều Inverter Toshiba RASH18S3KVV,dieu-hoa
Điều hòa Inverter Toshiba RASH18BKCVV,dieu-hoa
Điều hòa Inverter Toshiba RASH10S3KVV,dieu-hoa
Điều hòa Inverter Toshiba RASH13S3KVV,dieu-hoa
Điều hòa 1 chiều Toshiba RASH10S3KSV,dieu-hoa
Điều hòa 1 chiều Toshiba RASH13S3KSV,dieu-hoa
LG L FINO Dual - D295 - Trắng,dien-thoai
Điều hòa 1 chiều Inverter LG V18ENDN,dieu-hoa
Điều hòa 1 chiều Inverter LG V24ENDN,dieu-hoa
Điều hòa 1 chiều Inverter LG V13APQN,dieu-hoa
Điều hòa 1 chiều Inverter LG V10ENDN,dieu-hoa
Điều hòa 1 chiều Inverter LG V10APQN,dieu-hoa
Điều hòa 1 chiều inverter LG V13ENDN,dieu-hoa
Điều hòa tủ đứng 1 chiều LG APNC286KLA0,dieu-hoa
Điều hòa tủ đứng LG APNC246KLA0,dieu-hoa
Điều hòa tủ đứng LG AFNQ246GMC0,dieu-hoa
Điều hòa 2 chiều LG B24ENC,dieu-hoa
Điều hòa 2 chiều LG B18ENC,dieu-hoa
Điều hòa 1 chiều LG V13ENCN,dieu-hoa
Điều hòa 1 chiều LG V18ENCN,dieu-hoa
Điều hòa 1 chiều LG Inverter V13APMN,dieu-hoa
Điều hòa LG H24ENBN 2 chiều,dieu-hoa
Điều hòa LG B10ENCN 2 chiều,dieu-hoa
Điều hòa LG B13ENCN 2 chiều,dieu-hoa
Điều hòa LG V10BPBN 1 chiều,dieu-hoa
Điều hòa 2 chiều LG Jetcool H18ENAN,dieu-hoa
Điều hòa 1 chiều LG S24ENAN,dieu-hoa
Điều hòa 1 chiều LG S12ENAN,dieu-hoa
Điều hòa 1 chiều LG S18ENAN,dieu-hoa
Điều hòa LG S09ENAN - 9.000BTU - 1 chiều - Dòng Fast cooling,dieu-hoa
Điều hòa đứng LG HPH246SLA0,dieu-hoa
Tủ lạnh Side-by-side Samsung RS554NRUA1J 538 lít,tu-lanh
Tủ lạnh Samsung RF50K5821FGSV 475 lít,tu-lanh
Tủ lạnh Samsung RF50K5961DPSV 486lit,tu-lanh
Tủ lạnh Side by side Samsung RH62K62377PSV,tu-lanh
Tủ lạnh Side by side Samsung RS62K62277PSV,tu-lanh
Tủ lạnh Side by side Samsung RH58K6687SLSV,tu-lanh
Tủ lạnh Side by side Samsung RS58K6667SLSV,tu-lanh
Tủ lạnh Samsung Inverter RT35K50321J,tu-lanh
Tủ lạnh Inverter Samsung RT43K6331SL,tu-lanh
Tủ lạnh Samsung RT29K5532S8,tu-lanh
Tủ lạnh Samsung RT32K5532S8,tu-lanh
Tủ lạnh Inverter Samsung RT35K5532UT - Xanh tím,tu-lanh
Tủ lạnh Inverter Samsung RT38K5982SL - Bạc,tu-lanh
Tủ lạnh Inverter Samsung RT46K6836SL - Bạc,tu-lanh
Tủ lạnh Inverter Samsung RT58K7100BS - Đen,tu-lanh
Tủ lạnh Inverter Samsung RT29K5532UT - Xanh tím,tu-lanh
Tủ lạnh Inverter Samsung RT35K5532S8,tu-lanh
Tủ lạnh Inverter Samsung RT38K5032GL - Đen,tu-lanh
Tủ lạnh Inverter Samsung RT43K6331SL,tu-lanh
Tủ lạnh Inverter Samsung RT50K6631BS - Đen,tu-lanh
Tủ lạnh  Inverter SBS Samsung RH60J8132SLSV,tu-lanh
Tủ lạnh  SBS Samsung RS552NRUA9MSV,tu-lanh
Tủ lạnh SBS Samsung RH57J90407FSV - 570 lít,tu-lanh
Tủ lạnh  SBS Samsung Inverter RSH5ZLMR1,tu-lanh
Tủ lạnh Samsung RT29FARBDSA - 302L,tu-lanh
Tủ lạnh Samsung RT25FARBD,tu-lanh
Tủ lạnh Samsung RT20FARWD,tu-lanh
Tủ lạnh Inverter Samsung RT22FARBD,tu-lanh
Tủ lạnh Samsung RS22HZNBP,tu-lanh
Tủ lạnh Side-by-side Samsung RSA1WTSL 510 lít,tu-lanh
Tivi Led Toshiba 32 Inch 32L5650,tivi
Tivi Led Toshiba 55 Inch 55L5650,tivi
Tivi Led Toshiba 49 Inch 49L5650,tivi
Tivi Led Toshiba 43 Inch 43L5650,tivi
Tivi Led Toshiba 40 Inch 40L5650,tivi
TIVI LED Toshiba 55L3650 55 inch,tivi
Tivi Led Toshiba 43L3650,tivi
Tivi Led Toshiba 49L3650,tivi
Tivi Led Toshiba 32L3650,tivi
Tivi Led Toshiba 40L3650,tivi
Tivi LED Toshiba 24S2550,tivi
Điện thoại Oppo F1s - Màu Vàng,dien-thoai
OPPO F1 Plus X9009G - Vàng,dien-thoai
Điện thoại OPPO A37F - Vàng,dien-thoai
OPPO Neo 7 - A33 - Trắng,dien-thoai
OPPO Neo 7 - A33  - Đen,dien-thoai
Oppo R7 Lite,dien-thoai
OPPO Neo 5 -1201 - Đen,dien-thoai
Oppo FIND 7a trắng - X9006,dien-thoai
OPPO F1 Plus X9009GR - Vàng Hồng,dien-thoai
Điện thoại OPPO A37F - Vàng Hồng,dien-thoai
Điện thoại Oppo Neo 5 1201 16GB Màu Đen,dien-thoai
OPPO F1,dien-thoai
Oppo Neo 5-1201 - Trắng,dien-thoai
Điện thoại di động OPPO F1,dien-thoai
OPPO R7s  Rose gold,dien-thoai
Điện Thoại Di Động OPPO F1S- 64Gb Vàng Hồng,dien-thoai
Điện Thoại Di Động OPPO F1S- 64Gb Vàng ,dien-thoai
Điện Thoại Di Động OPPO A39 OPPOH1605GR Vàng Hồng,dien-thoai
Điện thoại di động OPPO A39,dien-thoai
Điện thoại Oppo F1s - Màu Xám,dien-thoai
Điện thoại di động OPPO Neo 7S A33FW - Màu Trắng,dien-thoai
Điện thoại di động OPPO Neo 7S A33FW - Màu Đen,dien-thoai
Điện thoại Oppo F1s - Màu Vàng Hồng,dien-thoai
